linear_bps,Frictionless,CostAware,MultiPeriod,EqualWeight
0.0,0.6859939713835135,0.6356400355280811,0.49804128832383543,0.3687687838600251
5.0,0.62608397269007,0.5912697841311981,0.49483398767266357,0.3679153298889016
10.0,0.5659120640847678,0.5314774587404002,0.520489727561242,0.3670618561100662
15.0,0.5055682636276194,0.4780226876625353,0.5205922680075085,0.3662083625612337
25.0,0.3847257989424726,0.4124174016856932,0.508713677529916,0.36450131630445753
50.0,0.0858052798934197,0.3535439835078918,0.4641967616321875,0.36023335732845596
100.0,-0.46710023994787037,0.32798985785409507,0.523443365542729,0.35169598398882396
