Strategy,Gross Sharpe,Net Sharpe,Sharpe Lost,Ann. Turnover,Ann. Cost (bps),Net Ann. Return
Frictionless,0.6859939713835135,0.5659120640847678,0.12008190729874568,4.355561020581577,217.01375763727205,10.273526095140165
CostAware,0.6061288022268722,0.5314774587404002,0.07465134348647195,2.9866002543090677,142.14306298596276,10.022413496777723
MultiPeriod,0.5348777774382807,0.520489727561242,0.014388049877038678,0.8416904986428885,27.657840503857155,10.159068992775946
EqualWeight,0.3687687838600251,0.3670618561100662,0.0017069277499588975,0.12698555588609658,2.5600557318408352,5.485353070044208
