Strategy,Gross Sharpe,Net Sharpe,Sharpe Lost,Ann. Turnover,Ann. Cost (bps),Net Ann. Return
Frictionless,0.5178910766996144,0.4015929753410536,0.11629810135856083,4.63395931036775,228.77941098352932,7.8575933955098405
MultiPeriod,0.39442537505656666,0.38031720136697883,0.014108173689587833,0.9799998868041351,34.911152561124354,9.137791371584644
CostAware,0.4086399944448372,0.3389144760890817,0.06972551835575547,3.0324754336962787,144.56853689653835,6.950570780725214
EqualWeight,0.30899947485233087,0.3075252809341765,0.0014741939181543429,0.1404074759885437,2.8324933648856256,5.917576919518007
