linear_bps,CostAware,Frictionless,MultiPeriod,EqualWeight
0.0,0.5285100443436358,0.5178910766996144,0.4105965008368453,0.30899947485233087
5.0,0.410043071273682,0.45987388223874326,0.39151799950640004,0.3082623768838811
10.0,0.3389144760890817,0.4015929753410536,0.38031720136697883,0.3075252809341765
15.0,0.2852937873424588,0.3431213606173774,0.3729310370013341,0.30678818702640553
25.0,0.2651506101253438,0.22590157733165941,0.33918467730666246,0.3053140054294175
50.0,0.17500480007158176,-0.065335599799046,0.29445746772865117,0.3016285887938759
100.0,0.2952683011069027,-0.6122609757451343,0.3840934417617637,0.2942579254767856
